"uacr_mg_g","log_uacr","predicted_tt4","se","ci_low","ci_high","p_overall","p_nonlinearity","n_model"
1.86,0.62057648772511,7.2622909070234,0.111793586754776,7.04317547698404,7.48140633706276,0.0046288706909146,0.518322406828688,6487
1.89734748310273,0.640456849245705,7.26515579749291,0.111793586754776,7.04604036745355,7.48427122753227,0.0046288706909146,0.518322406828688,6487
1.9354448772238,0.6603372107663,7.26802068796242,0.111793586754776,7.04890525792306,7.48713611800178,0.0046288706909146,0.518322406828688,6487
1.97430724004551,0.680217572286896,7.27088557843194,0.111793586754776,7.05177014839257,7.4900010084713,0.0046288706909146,0.518322406828688,6487
2.01394993159776,0.700097933807491,7.27375046890145,0.111793586754776,7.05463503886209,7.49286589894081,0.0046288706909146,0.518322406828688,6487
2.05438862032899,0.719978295328086,7.27661535937096,0.111793586754776,7.0574999293316,7.49573078941032,0.0046288706909146,0.518322406828688,6487
2.09563928929898,0.739858656848681,7.27948024984047,0.111793586754776,7.06036481980111,7.49859567987983,0.0046288706909146,0.518322406828688,6487
2.13771824249603,0.759739018369277,7.28234514030999,0.111793586754776,7.06322971027063,7.50146057034935,0.0046288706909146,0.518322406828688,6487
2.18064211128098,0.779619379889872,7.2852100307795,0.111793586754776,7.06609460074014,7.50432546081886,0.0046288706909146,0.518322406828688,6487
2.22442786096064,0.799499741410467,7.28807492124901,0.111793586754776,7.06895949120965,7.50719035128837,0.0046288706909146,0.518322406828688,6487
2.26909279749315,0.819380102931062,7.29093981171852,0.111793586754776,7.07182438167916,7.51005524175789,0.0046288706909146,0.518322406828688,6487
2.31465457432804,0.839260464451658,7.29380470218804,0.111793586754776,7.07468927214868,7.5129201322274,0.0046288706909146,0.518322406828688,6487
2.36113119938362,0.859140825972253,7.29666959265755,0.111793586754776,7.07755416261819,7.51578502269691,0.0046288706909146,0.518322406828688,6487
2.40854104216443,0.879021187492848,7.29953448312706,0.111793586754776,7.0804190530877,7.51864991316642,0.0046288706909146,0.518322406828688,6487
2.45690284102167,0.898901549013443,7.30239937359658,0.111793586754776,7.08328394355721,7.52151480363594,0.0046288706909146,0.518322406828688,6487
2.50623571055936,0.918781910534039,7.30526426406609,0.111793586754776,7.08614883402673,7.52437969410545,0.0046288706909146,0.518322406828688,6487
2.55655914918924,0.938662272054634,7.3081291545356,0.111793586754776,7.08901372449624,7.52724458457496,0.0046288706909146,0.518322406828688,6487
2.60789304683734,0.958542633575229,7.31099404500511,0.111793586754776,7.09187861496575,7.53010947504447,0.0046288706909146,0.518322406828688,6487
2.66025769280534,0.978422995095824,7.31385893547463,0.111793586754776,7.09474350543526,7.53297436551399,0.0046288706909146,0.518322406828688,6487
2.71367378378973,0.99830335661642,7.31672382594414,0.111793586754776,7.09760839590478,7.5358392559835,0.0046288706909146,0.518322406828688,6487
2.76816243206199,1.01818371813701,7.31958871641365,0.111793586754776,7.10047328637429,7.53870414645301,0.0046288706909146,0.518322406828688,6487
2.82374517381309,1.03806407965761,7.32245313543958,0.111793586754776,7.10333770540022,7.54156856547894,0.0046288706909146,0.518322406828688,6487
2.88044397766545,1.05794444117821,7.32531448970074,0.111793586754776,7.10619905966137,7.5444299197401,0.0046288706909146,0.518322406828688,6487
2.93828125335589,1.0778248026988,7.32816958917282,0.111793586754776,7.10905415913346,7.54728501921218,0.0046288706909146,0.518322406828688,6487
2.99727986059287,1.0977051642194,7.33101524379932,0.111793586754776,7.11189981375995,7.55013067383868,0.0046288706909146,0.518322406828688,6487
3.0574631180916,1.11758552573999,7.33384826352368,0.111793586754776,7.11473283348432,7.55296369356304,0.0046288706909146,0.518322406828688,6487
3.1188548127906,1.13746588726059,7.33666545828939,0.111793586754776,7.11755002825003,7.55578088832875,0.0046288706909146,0.518322406828688,6487
3.18147920925327,1.15734624878118,7.33946363803991,0.111793586754776,7.12034820800055,7.55857906807927,0.0046288706909146,0.518322406828688,6487
3.24536105925825,1.17722661030178,7.34223961271872,0.111793586754776,7.12312418267935,7.56135504275808,0.0046288706909146,0.518322406828688,6487
3.31052561158239,1.19710697182237,7.34499019226928,0.111793586754776,7.12587476222992,7.56410562230864,0.0046288706909146,0.518322406828688,6487
3.3769986219801,1.21698733334297,7.34771218663506,0.111793586754776,7.1285967565957,7.56682761667442,0.0046288706909146,0.518322406828688,6487
3.44480636336307,1.23686769486356,7.35040240575954,0.111793586754776,7.13128697572018,7.5695178357989,0.0046288706909146,0.518322406828688,6487
3.51397563618451,1.25674805638416,7.35305765958619,0.111793586754776,7.13394222954683,7.57217308962555,0.0046288706909146,0.518322406828688,6487
3.58453377903172,1.27662841790475,7.35567475805847,0.111793586754776,7.13655932801911,7.57479018809783,0.0046288706909146,0.518322406828688,6487
3.65650867943148,1.29650877942535,7.35825051111985,0.111793586754776,7.13913508108049,7.57736594115922,0.0046288706909146,0.518322406828688,6487
3.72992878487236,1.31638914094594,7.36078172871382,0.111793586754776,7.14166629867446,7.57989715875318,0.0046288706909146,0.518322406828688,6487
3.80482311404839,1.33626950246654,7.36326522078382,0.111793586754776,7.14414979074446,7.58238065082319,0.0046288706909146,0.518322406828688,6487
3.88122126832839,1.35614986398713,7.36569779727335,0.111793586754776,7.14658236723399,7.58481322731271,0.0046288706909146,0.518322406828688,6487
3.95915344345572,1.37603022550773,7.36807626812586,0.111793586754776,7.1489608380865,7.58719169816522,0.0046288706909146,0.518322406828688,6487
4.03865044148291,1.39591058702832,7.37039744328483,0.111793586754776,7.15128201324547,7.58951287332419,0.0046288706909146,0.518322406828688,6487
4.11974368294588,1.41579094854892,7.37265813269372,0.111793586754776,7.15354270265436,7.59177356273308,0.0046288706909146,0.518322406828688,6487
4.20246521928265,1.43567131006952,7.37485514629601,0.111793586754776,7.15573971625665,7.59397057633538,0.0046288706909146,0.518322406828688,6487
4.28684774550145,1.45555167159011,7.37698529403518,0.111793586754776,7.15786986399581,7.59610072407454,0.0046288706909146,0.518322406828688,6487
4.37292461310311,1.47543203311071,7.37904538585467,0.111793586754776,7.15992995581531,7.59816081589403,0.0046288706909146,0.518322406828688,6487
4.46072984326299,1.4953123946313,7.38103223169798,0.111793586754776,7.16191680165862,7.60014766173734,0.0046288706909146,0.518322406828688,6487
4.55029814027756,1.5151927561519,7.38294264150856,0.111793586754776,7.1638272114692,7.60205807154792,0.0046288706909146,0.518322406828688,6487
4.641664905281,1.53507311767249,7.38477342522989,0.111793586754776,7.16565799519053,7.60388885526925,0.0046288706909146,0.518322406828688,6487
4.73486625023719,1.55495347919309,7.38652139280544,0.111793586754776,7.16740596276608,7.60563682284481,0.0046288706909146,0.518322406828688,6487
4.82993901221268,1.57483384071368,7.38818335417868,0.111793586754776,7.16906792413932,7.60729878421804,0.0046288706909146,0.518322406828688,6487
4.92692076793625,1.59471420223428,7.38975611929308,0.111793586754776,7.17064068925372,7.60887154933244,0.0046288706909146,0.518322406828688,6487
5.02584984865075,1.61459456375487,7.39123649809211,0.111793586754776,7.17212106805275,7.61035192813147,0.0046288706909146,0.518322406828688,6487
5.1267653552633,1.63447492527547,7.39262130051924,0.111793586754776,7.17350587047988,7.6117367305586,0.0046288706909146,0.518322406828688,6487
5.22970717379951,1.65435528679606,7.39390733651794,0.111793586754776,7.17479190647858,7.6130227665573,0.0046288706909146,0.518322406828688,6487
5.33471599116817,1.67423564831666,7.39509141603472,0.111793586754776,7.17597598599536,7.61420684607408,0.0046288706909146,0.518322406828688,6487
5.44183331124237,1.69411600983725,7.39617177549179,0.111793586754776,7.17705634545243,7.61528720553115,0.0046288706909146,0.518322406828688,6487
5.5511014712636,1.71399637135785,7.39715213837348,0.111793586754776,7.17803670833412,7.61626756841284,0.0046288706909146,0.518322406828688,6487
5.66256365857519,1.73387673287844,7.39803754730219,0.111793586754776,7.17892211726283,7.61715297734155,0.0046288706909146,0.518322406828688,6487
5.77626392769173,1.75375709439904,7.39883304490031,0.111793586754776,7.17971761486095,7.61794847493967,0.0046288706909146,0.518322406828688,6487
5.89224721771128,1.77363745591963,7.39954367379024,0.111793586754776,7.18042824375088,7.6186591038296,0.0046288706909146,0.518322406828688,6487
6.01055937007718,1.79351781744023,7.40017447659438,0.111793586754776,7.18105904655502,7.61928990663374,0.0046288706909146,0.518322406828688,6487
6.13124714669649,1.81339817896082,7.40073049593513,0.111793586754776,7.18161506589577,7.61984592597449,0.0046288706909146,0.518322406828688,6487
6.25435824842224,1.83327854048142,7.40121677443488,0.111793586754776,7.18210134439552,7.62033220447424,0.0046288706909146,0.518322406828688,6487
6.37994133390685,1.85315890200201,7.40163835471603,0.111793586754776,7.18252292467667,7.62075378475539,0.0046288706909146,0.518322406828688,6487
6.50804603883399,1.87303926352261,7.40200027940099,0.111793586754776,7.18288484936163,7.62111570944035,0.0046288706909146,0.518322406828688,6487
6.63872299553675,1.89291962504321,7.40230759111214,0.111793586754776,7.18319216107278,7.6214230211515,0.0046288706909146,0.518322406828688,6487
6.77202385300961,1.9127999865638,7.40256533247189,0.111793586754776,7.18344990243253,7.62168076251125,0.0046288706909146,0.518322406828688,6487
6.90800129732227,1.9326803480844,7.40277854610263,0.111793586754776,7.18366311606327,7.62189397614199,0.0046288706909146,0.518322406828688,6487
7.04670907244344,1.95256070960499,7.40295227462676,0.111793586754776,7.1838368445874,7.62206770466612,0.0046288706909146,0.518322406828688,6487
7.18820200148265,1.97244107112559,7.40309156066668,0.111793586754776,7.18397613062732,7.62220699070604,0.0046288706909146,0.518322406828688,6487
7.33253600835866,1.99232143264618,7.40320144684478,0.111793586754776,7.18408601680542,7.62231687688414,0.0046288706909146,0.518322406828688,6487
7.47976813990292,2.01220179416678,7.40328697578347,0.111793586754776,7.18417154574411,7.62240240582284,0.0046288706909146,0.518322406828688,6487
7.62995658840688,2.03208215568737,7.40335319010515,0.111793586754776,7.18423776006578,7.62246862014451,0.0046288706909146,0.518322406828688,6487
7.78316071462198,2.05196251720797,7.40340513243219,0.111793586754776,7.18428970239283,7.62252056247155,0.0046288706909146,0.518322406828688,6487
7.93944107122153,2.07184287872856,7.40344784538702,0.111793586754776,7.18433241534766,7.62256327542638,0.0046288706909146,0.518322406828688,6487
8.09885942673366,2.09172324024916,7.40348637159202,0.111793586754776,7.18437094155266,7.62260180163138,0.0046288706909146,0.518322406828688,6487
8.2614787899548,2.11160360176975,7.40352575366959,0.111793586754776,7.18441032363023,7.62264118370895,0.0046288706909146,0.518322406828688,6487
8.4273634348534,2.13148396329035,7.40357103424214,0.111793586754776,7.18445560420278,7.6226864642815,0.0046288706909146,0.518322406828688,6487
8.59657892597369,2.15136432481094,7.40362725593205,0.111793586754776,7.18451182589269,7.62274268597141,0.0046288706909146,0.518322406828688,6487
8.76919214434954,2.17124468633154,7.40369946136172,0.111793586754776,7.18458403132236,7.62281489140108,0.0046288706909146,0.518322406828688,6487
8.94527131393861,2.19112504785213,7.40379269315356,0.111793586754776,7.1846772631142,7.62290812319292,0.0046288706909146,0.518322406828688,6487
9.12488602858735,2.21100540937273,7.40391199392996,0.111793586754776,7.1847965638906,7.62302742396932,0.0046288706909146,0.518322406828688,6487
9.30810727953734,2.23088577089332,7.40406240631331,0.111793586754776,7.18494697627395,7.62317783635268,0.0046288706909146,0.518322406828688,6487
9.49500748348407,2.25076613241392,7.40424893856979,0.111793586754776,7.18513350853043,7.62336436860915,0.0046288706909146,0.518322406828688,6487
9.68566051119897,2.27064649393452,7.40447458871129,0.111793586754776,7.18535915867193,7.62359001875065,0.0046288706909146,0.518322406828688,6487
9.88014171672627,2.29052685545511,7.40473926789949,0.111793586754776,7.18562383786013,7.62385469793885,0.0046288706909146,0.518322406828688,6487
10.0785279671661,2.31040721697571,7.40504262512635,0.111793586754776,7.18592719508699,7.62415805516571,0.0046288706909146,0.518322406828688,6487
10.2808976730554,2.3302875784963,7.40538430938383,0.111793586754776,7.18626887934447,7.62449973942319,0.0046288706909146,0.518322406828688,6487
10.4873308193593,2.3501679400169,7.4057639696639,0.111793586754776,7.18664853962454,7.62487939970326,0.0046288706909146,0.518322406828688,6487
10.6979089970844,2.37004830153749,7.40618125495851,0.111793586754776,7.18706582491914,7.62529668499787,0.0046288706909146,0.518322406828688,6487
10.912715435527,2.38992866305809,7.40663581425961,0.111793586754776,7.18752038422025,7.62575124429898,0.0046288706909146,0.518322406828688,6487
11.1318350351685,2.40980902457868,7.40712729655919,0.111793586754776,7.18801186651983,7.62624272659855,0.0046288706909146,0.518322406828688,6487
11.3553544012321,2.42968938609928,7.40765535084919,0.111793586754776,7.18853992080982,7.62677078088855,0.0046288706909146,0.518322406828688,6487
11.5833618779125,2.44956974761987,7.40821962612157,0.111793586754776,7.18910419608221,7.62733505616093,0.0046288706909146,0.518322406828688,6487
11.8159475832932,2.46945010914047,7.40881977136829,0.111793586754776,7.18970434132893,7.62793520140765,0.0046288706909146,0.518322406828688,6487
12.0532034449652,2.48933047066106,7.40945543558132,0.111793586754776,7.19034000554196,7.62857086562069,0.0046288706909146,0.518322406828688,6487
12.2952232363601,2.50921083218166,7.41012626775262,0.111793586754776,7.19101083771326,7.62924169779198,0.0046288706909146,0.518322406828688,6487
12.542102613814,2.52909119370225,7.41083191687414,0.111793586754776,7.19171648683478,7.6299473469135,0.0046288706909146,0.518322406828688,6487
12.7939391543743,2.54897155522285,7.41157203193785,0.111793586754776,7.19245660189849,7.63068746197721,0.0046288706909146,0.518322406828688,6487
13.0508323943664,2.56885191674344,7.4123462619357,0.111793586754776,7.19323083189634,7.63146169197506,0.0046288706909146,0.518322406828688,6487
13.3128838687347,2.58873227826404,7.41315425585967,0.111793586754776,7.1940388258203,7.63226968589903,0.0046288706909146,0.518322406828688,6487
13.5801971511735,2.60861263978463,7.4139956627017,0.111793586754776,7.19488023266233,7.63311109274106,0.0046288706909146,0.518322406828688,6487
13.8528778950634,2.62849300130523,7.41487013145375,0.111793586754776,7.19575470141439,7.63398556149311,0.0046288706909146,0.518322406828688,6487
14.1310338752301,2.64837336282582,7.4157773111078,0.111793586754776,7.19666188106844,7.63489274114716,0.0046288706909146,0.518322406828688,6487
14.4147750305415,2.66825372434642,7.41671685065579,0.111793586754776,7.19760142061643,7.63583228069515,0.0046288706909146,0.518322406828688,6487
14.7042135073603,2.68813408586702,7.4176883990897,0.111793586754776,7.19857296905033,7.63680382912906,0.0046288706909146,0.518322406828688,6487
14.9994637038684,2.70801444738761,7.41869160540147,0.111793586754776,7.19957617536211,7.63780703544083,0.0046288706909146,0.518322406828688,6487
15.3006423152825,2.72789480890821,7.41972611858307,0.111793586754776,7.20061068854371,7.63884154862243,0.0046288706909146,0.518322406828688,6487
15.6078683799765,2.7477751704288,7.42079158762646,0.111793586754776,7.2016761575871,7.63990701766582,0.0046288706909146,0.518322406828688,6487
15.9212633265307,2.7676555319494,7.42188766152361,0.111793586754776,7.20277223148425,7.64100309156297,0.0046288706909146,0.518322406828688,6487
16.2409510217251,2.78753589346999,7.42301398926646,0.111793586754776,7.2038985592271,7.64212941930582,0.0046288706909146,0.518322406828688,6487
16.5670578194973,2.80741625499059,7.42417021984699,0.111793586754776,7.20505478980763,7.64328564988635,0.0046288706909146,0.518322406828688,6487
16.899712610882,2.82729661651118,7.42535600225715,0.111793586754776,7.20624057221779,7.64447143229651,0.0046288706909146,0.518322406828688,6487
17.2390468749551,2.84717697803178,7.4265709854889,0.111793586754776,7.20745555544954,7.64568641552826,0.0046288706909146,0.518322406828688,6487
17.5851947307989,2.86705733955237,7.4278148185342,0.111793586754776,7.20869938849484,7.64693024857356,0.0046288706909146,0.518322406828688,6487
17.9382929905122,2.88693770107297,7.42908715038502,0.111793586754776,7.20997172034566,7.64820258042438,0.0046288706909146,0.518322406828688,6487
18.2984812132837,2.90681806259356,7.43038763003331,0.111793586754776,7.21127219999395,7.64950306007267,0.0046288706909146,0.518322406828688,6487
18.6659017605518,2.92669842411416,7.43171590647103,0.111793586754776,7.21260047643167,7.6508313365104,0.0046288706909146,0.518322406828688,6487
19.0406998522719,2.94657878563475,7.43307162869015,0.111793586754776,7.21395619865079,7.65218705872951,0.0046288706909146,0.518322406828688,6487
19.4230236243132,2.96645914715535,7.43445444568263,0.111793586754776,7.21533901564327,7.65356987572199,0.0046288706909146,0.518322406828688,6487
19.8130241870084,2.98633950867594,7.43586400644042,0.111793586754776,7.21674857640106,7.65497943647978,0.0046288706909146,0.518322406828688,6487
20.2108556848784,3.00621987019654,7.43729995995548,0.111793586754776,7.21818452991612,7.65641538999485,0.0046288706909146,0.518322406828688,6487
20.6166753575573,3.02610023171713,7.43876195521979,0.111793586754776,7.21964652518043,7.65787738525915,0.0046288706909146,0.518322406828688,6487
21.0306436019394,3.04598059323773,7.44024964122528,0.111793586754776,7.22113421118592,7.65936507126465,0.0046288706909146,0.518322406828688,6487
21.4529240355754,3.06586095475832,7.44176266696394,0.111793586754776,7.22264723692458,7.6608780970033,0.0046288706909146,0.518322406828688,6487
21.8836835613404,3.08574131627892,7.44330068142771,0.111793586754776,7.22418525138835,7.66241611146707,0.0046288706909146,0.518322406828688,6487
22.3230924334009,3.10562167779952,7.44486333360856,0.111793586754776,7.2257479035692,7.66397876364792,0.0046288706909146,0.518322406828688,6487
22.7713243245069,3.12550203932011,7.44645027249845,0.111793586754776,7.22733484245909,7.66556570253781,0.0046288706909146,0.518322406828688,6487
23.2285563946339,3.14538240084071,7.44806114708934,0.111793586754776,7.22894571704998,7.6671765771287,0.0046288706909146,0.518322406828688,6487
23.6949693610046,3.1652627623613,7.44969560637319,0.111793586754776,7.23058017633383,7.66881103641255,0.0046288706909146,0.518322406828688,6487
24.1707475695152,3.1851431238819,7.45135329934195,0.111793586754776,7.23223786930259,7.67046872938131,0.0046288706909146,0.518322406828688,6487
24.6560790675974,3.20502348540249,7.4530338749876,0.111793586754776,7.23391844494824,7.67214930502696,0.0046288706909146,0.518322406828688,6487
25.1511556785418,3.22490384692309,7.45473698230208,0.111793586754776,7.23562155226272,7.67385241234145,0.0046288706909146,0.518322406828688,6487
25.6561730773152,3.24478420844368,7.45646227027737,0.111793586754776,7.23734684023801,7.67557770031674,0.0046288706909146,0.518322406828688,6487
26.1713308678989,3.26466456996428,7.45820938790542,0.111793586754776,7.23909395786606,7.67732481794478,0.0046288706909146,0.518322406828688,6487
26.696832662181,3.28454493148487,7.45997798417819,0.111793586754776,7.24086255413883,7.67909341421755,0.0046288706909146,0.518322406828688,6487
27.2328861604322,3.30442529300547,7.46176770808765,0.111793586754776,7.24265227804829,7.68088313812701,0.0046288706909146,0.518322406828688,6487
27.7797032333974,3.32430565452606,7.46357820862574,0.111793586754776,7.24446277858638,7.6826936386651,0.0046288706909146,0.518322406828688,6487
28.3375000060362,3.34418601604666,7.46540913478444,0.111793586754776,7.24629370474508,7.6845245648238,0.0046288706909146,0.518322406828688,6487
28.9064969429443,3.36406637756725,7.4672601355557,0.111793586754776,7.24814470551634,7.68637556559506,0.0046288706909146,0.518322406828688,6487
29.4869189354903,3.38394673908785,7.46913085993148,0.111793586754776,7.25001542989212,7.68824628997085,0.0046288706909146,0.518322406828688,6487
30.0789953907026,3.40382710060844,7.47102095690375,0.111793586754776,7.25190552686439,7.69013638694311,0.0046288706909146,0.518322406828688,6487
30.6829603219399,3.42370746212904,7.47293007546447,0.111793586754776,7.2538146454251,7.69204550550383,0.0046288706909146,0.518322406828688,6487
31.2990524413836,3.44358782364963,7.47485786460559,0.111793586754776,7.25574243456623,7.69397329464495,0.0046288706909146,0.518322406828688,6487
31.9275152543868,3.46346818517023,7.47680397331907,0.111793586754776,7.25768854327971,7.69591940335843,0.0046288706909146,0.518322406828688,6487
32.5685971557177,3.48334854669082,7.47876805059688,0.111793586754776,7.25965262055752,7.69788348063624,0.0046288706909146,0.518322406828688,6487
33.2225515277353,3.50322890821142,7.48074974543098,0.111793586754776,7.26163431539161,7.69986517547034,0.0046288706909146,0.518322406828688,6487
33.8896368405372,3.52310926973202,7.48274870681332,0.111793586754776,7.26363327677396,7.70186413685268,0.0046288706909146,0.518322406828688,6487
34.5701167541177,3.54298963125261,7.48476458373587,0.111793586754776,7.2656491536965,7.70388001377523,0.0046288706909146,0.518322406828688,6487
35.2642602225767,3.56286999277321,7.48679702519058,0.111793586754776,7.26768159515122,7.70591245522994,0.0046288706909146,0.518322406828688,6487
35.9723416004224,3.5827503542938,7.48884568016943,0.111793586754776,7.26973025013007,7.70796111020879,0.0046288706909146,0.518322406828688,6487
36.694640751007,3.6026307158144,7.49091019766436,0.111793586754776,7.271794767625,7.71002562770372,0.0046288706909146,0.518322406828688,6487
37.4314431571408,3.62251107733499,7.49299022666734,0.111793586754776,7.27387479662798,7.7121056567067,0.0046288706909146,0.518322406828688,6487
38.1830400339269,3.64239143885559,7.49508541617033,0.111793586754776,7.27596998613097,7.71420084620969,0.0046288706909146,0.518322406828688,6487
38.9497284438612,3.66227180037618,7.49719541516529,0.111793586754776,7.27807998512593,7.71631084520465,0.0046288706909146,0.518322406828688,6487
39.7318114142446,3.68215216189678,7.49931987264418,0.111793586754776,7.28020444260482,7.71843530268355,0.0046288706909146,0.518322406828688,6487
40.5295980569512,3.70203252341737,7.50145843759896,0.111793586754776,7.2823430075596,7.72057386763833,0.0046288706909146,0.518322406828688,6487
41.343403690603,3.72191288493797,7.5036107590216,0.111793586754776,7.28449532898223,7.72272618906096,0.0046288706909146,0.518322406828688,6487
42.1735499651966,3.74179324645856,7.50577648590404,0.111793586754776,7.28666105586468,7.7248919159434,0.0046288706909146,0.518322406828688,6487
43.0203649892328,3.76167360797916,7.50795526723825,0.111793586754776,7.28883983719889,7.72707069727761,0.0046288706909146,0.518322406828688,6487
43.8841834593987,3.78155396949975,7.5101467520162,0.111793586754776,7.29103132197684,7.72926218205556,0.0046288706909146,0.518322406828688,6487
44.7653467928541,3.80143433102035,7.51235058922984,0.111793586754776,7.29323515919048,7.7314660192692,0.0046288706909146,0.518322406828688,6487
45.6642032621734,3.82131469254094,7.51456642787113,0.111793586754776,7.29545099783177,7.73368185791049,0.0046288706909146,0.518322406828688,6487
46.5811081329979,3.84119505406154,7.51679391693204,0.111793586754776,7.29767848689267,7.7359093469714,0.0046288706909146,0.518322406828688,6487
47.5164238044514,3.86107541558213,7.51903270540452,0.111793586754776,7.29991727536516,7.73814813544388,0.0046288706909146,0.518322406828688,6487
48.4705199523756,3.88095577710273,7.52128244228053,0.111793586754776,7.30216701224117,7.74039787231989,0.0046288706909146,0.518322406828688,6487
49.443773675441,3.90083613862332,7.52354277655204,0.111793586754776,7.30442734651268,7.7426582065914,0.0046288706909146,0.518322406828688,6487
50.436569644193,3.92071650014392,7.525813357211,0.111793586754776,7.30669792717164,7.74492878725036,0.0046288706909146,0.518322406828688,6487
51.4493002530888,3.94059686166452,7.52809383324938,0.111793586754776,7.30897840321002,7.74720926328874,0.0046288706909146,0.518322406828688,6487
52.4823657755885,3.96047722318511,7.53038385365913,0.111793586754776,7.31126842361977,7.74949928369849,0.0046288706909146,0.518322406828688,6487
53.53617452236,3.98035758470571,7.53268306743222,0.111793586754776,7.31356763739286,7.75179849747158,0.0046288706909146,0.518322406828688,6487
54.6111430026604,4.0002379462263,7.53499112356061,0.111793586754776,7.31587569352125,7.75410655359997,0.0046288706909146,0.518322406828688,6487
55.7076960889575,4.0201183077469,7.53730767103625,0.111793586754776,7.31819224099689,7.75642310107561,0.0046288706909146,0.518322406828688,6487
56.8262671848576,4.03999866926749,7.53963235885111,0.111793586754776,7.32051692881175,7.75874778889047,0.0046288706909146,0.518322406828688,6487
57.9672983964048,4.05987903078809,7.54196483599715,0.111793586754776,7.32284940595779,7.76108026603651,0.0046288706909146,0.518322406828688,6487
59.1312407068191,4.07975939230868,7.54430475146633,0.111793586754776,7.32518932142697,7.76342018150569,0.0046288706909146,0.518322406828688,6487
60.3185541547445,4.09963975382928,7.5466517542506,0.111793586754776,7.32753632421124,7.76576718428996,0.0046288706909146,0.518322406828688,6487
61.5297080160754,4.11952011534987,7.54900549334194,0.111793586754776,7.32989006330258,7.7681209233813,0.0046288706909146,0.518322406828688,6487
62.7651809894335,4.13940047687047,7.55136561773229,0.111793586754776,7.33225018769293,7.77048104777166,0.0046288706909146,0.518322406828688,6487
64.0254613853704,4.15928083839106,7.55373177641363,0.111793586754776,7.33461634637427,7.77284720645299,0.0046288706909146,0.518322406828688,6487
65.3110473193675,4.17916119991166,7.5561036183779,0.111793586754776,7.33698818833854,7.77521904841726,0.0046288706909146,0.518322406828688,6487
66.6224469087125,4.19904156143225,7.55848079261708,0.111793586754776,7.33936536257772,7.77759622265644,0.0046288706909146,0.518322406828688,6487
67.9601784733284,4.21892192295285,7.56086294812312,0.111793586754776,7.34174751808376,7.77997837816248,0.0046288706909146,0.518322406828688,6487
69.3247707406354,4.23880228447344,7.56324973388798,0.111793586754776,7.34413430384861,7.78236516392734,0.0046288706909146,0.518322406828688,6487
70.716763054526,4.25868264599404,7.56564079890362,0.111793586754776,7.34652536886426,7.78475622894298,0.0046288706909146,0.518322406828688,6487
72.136705588536,4.27856300751464,7.568035792162,0.111793586754776,7.34892036212264,7.78715122220136,0.0046288706909146,0.518322406828688,6487
73.5851595632964,4.29844336903523,7.57043436265509,0.111793586754776,7.35131893261573,7.78954979269445,0.0046288706909146,0.518322406828688,6487
75.0626974683512,4.31832373055583,7.57283615937484,0.111793586754776,7.35372072933547,7.7919515894142,0.0046288706909146,0.518322406828688,6487
76.5699032884289,4.33820409207642,7.57524083131321,0.111793586754776,7.35612540127385,7.79435626135257,0.0046288706909146,0.518322406828688,6487
78.107372734258,4.35808445359702,7.57764802746217,0.111793586754776,7.35853259742281,7.79676345750153,0.0046288706909146,0.518322406828688,6487
79.6757134780168,4.37796481511761,7.58005739681367,0.111793586754776,7.36094196677431,7.79917282685303,0.0046288706909146,0.518322406828688,6487
81.2755453935104,4.39784517663821,7.58246858835968,0.111793586754776,7.36335315832032,7.80158401839904,0.0046288706909146,0.518322406828688,6487
82.9075008011713,4.4177255381588,7.58488125109215,0.111793586754776,7.36576582105279,7.80399668113151,0.0046288706909146,0.518322406828688,6487
84.5722247179784,4.4376058996794,7.58729503400305,0.111793586754776,7.36817960396369,7.80641046404241,0.0046288706909146,0.518322406828688,6487
86.270375112395,4.45748626119999,7.58970958608433,0.111793586754776,7.37059415604497,7.80882501612369,0.0046288706909146,0.518322406828688,6487
88.0026231644253,4.47736662272059,7.59212455632796,0.111793586754776,7.3730091262886,7.81123998636732,0.0046288706909146,0.518322406828688,6487
89.7696535308926,4.49724698424118,7.59453962466434,0.111793586754776,7.37542419462498,7.81365505470371,0.0046288706909146,0.518322406828688,6487
91.5721646160447,4.51712734576178,7.5969546934104,0.111793586754776,7.37783926337104,7.81607012344976,0.0046288706909146,0.518322406828688,6487
93.410868847592,4.53700770728237,7.59936976215645,0.111793586754776,7.38025433211709,7.81848519219581,0.0046288706909146,0.518322406828688,6487
95.2864929582892,4.55688806880297,7.6017848309025,0.111793586754776,7.38266940086314,7.82090026094186,0.0046288706909146,0.518322406828688,6487
97.1997782731699,4.57676843032356,7.60419989964855,0.111793586754776,7.38508446960919,7.82331532968792,0.0046288706909146,0.518322406828688,6487
99.1514810025495,4.59664879184416,7.60661496839461,0.111793586754776,7.38749953835525,7.82573039843397,0.0046288706909146,0.518322406828688,6487
101.142372540911,4.61652915336475,7.60903003714066,0.111793586754776,7.3899146071013,7.82814546718002,0.0046288706909146,0.518322406828688,6487
103.173239771794,4.63640951488535,7.61144510588671,0.111793586754776,7.39232967584735,7.83056053592608,0.0046288706909146,0.518322406828688,6487
105.2448853788,4.65628987640594,7.61386017463277,0.111793586754776,7.3947447445934,7.83297560467213,0.0046288706909146,0.518322406828688,6487
107.35812816285,4.67617023792654,7.61627524337882,0.111793586754776,7.39715981333946,7.83539067341818,0.0046288706909146,0.518322406828688,6487
109.513803365809,4.69605059944714,7.61869031212487,0.111793586754776,7.39957488208551,7.83780574216423,0.0046288706909146,0.518322406828688,6487
111.712763000604,4.71593096096773,7.62110538087092,0.111793586754776,7.40198995083156,7.84022081091029,0.0046288706909146,0.518322406828688,6487
113.955876187983,4.73581132248832,7.62352044961698,0.111793586754776,7.40440501957762,7.84263587965634,0.0046288706909146,0.518322406828688,6487
116.244029500019,4.75569168400892,7.62593551836303,0.111793586754776,7.40682008832367,7.84505094840239,0.0046288706909146,0.518322406828688,6487
118.578127310527,4.77557204552952,7.62835058710908,0.111793586754776,7.40923515706972,7.84746601714845,0.0046288706909146,0.518322406828688,6487
120.959092152508,4.79545240705011,7.63076565585514,0.111793586754776,7.41165022581577,7.8498810858945,0.0046288706909146,0.518322406828688,6487
123.38786508277,4.81533276857071,7.63318072460119,0.111793586754776,7.41406529456183,7.85229615464055,0.0046288706909146,0.518322406828688,6487
125.865406053877,4.8352131300913,7.63559579334724,0.111793586754776,7.41648036330788,7.8547112233866,0.0046288706909146,0.518322406828688,6487
128.392694293563,4.8550934916119,7.63801086209329,0.111793586754776,7.41889543205393,7.85712629213266,0.0046288706909146,0.518322406828688,6487
130.970728691758,4.87497385313249,7.64042593083935,0.111793586754776,7.42131050079999,7.85954136087871,0.0046288706909146,0.518322406828688,6487
133.600528195396,4.89485421465309,7.6428409995854,0.111793586754776,7.42372556954604,7.86195642962476,0.0046288706909146,0.518322406828688,6487
136.283132211146,4.91473457617368,7.64525606833145,0.111793586754776,7.42614063829209,7.86437149837081,0.0046288706909146,0.518322406828688,6487
139.019601016222,4.93461493769428,7.64767113707751,0.111793586754776,7.42855570703814,7.86678656711687,0.0046288706909146,0.518322406828688,6487
141.81101617746,4.95449529921487,7.65008620582356,0.111793586754776,7.4309707757842,7.86920163586292,0.0046288706909146,0.518322406828688,6487
144.658480978787,4.97437566073547,7.65250127456961,0.111793586754776,7.43338584453025,7.87161670460897,0.0046288706909146,0.518322406828688,6487
147.563120857293,4.99425602225606,7.65491634331566,0.111793586754776,7.4358009132763,7.87403177335502,0.0046288706909146,0.518322406828688,6487
150.526083848048,5.01413638377666,7.65733141206172,0.111793586754776,7.43821598202236,7.87644684210108,0.0046288706909146,0.518322406828688,6487
153.548541037852,5.03401674529725,7.65974648080777,0.111793586754776,7.44063105076841,7.87886191084713,0.0046288706909146,0.518322406828688,6487
156.631687028099,5.05389710681785,7.66216154955383,0.111793586754776,7.44304611951446,7.88127697959319,0.0046288706909146,0.518322406828688,6487
159.776740406934,5.07377746833844,7.66457661829988,0.111793586754776,7.44546118826052,7.88369204833924,0.0046288706909146,0.518322406828688,6487
162.98494423089,5.09365782985904,7.66699168704593,0.111793586754776,7.44787625700657,7.88610711708529,0.0046288706909146,0.518322406828688,6487
166.257566516192,5.11353819137963,7.66940675579198,0.111793586754776,7.45029132575262,7.88852218583135,0.0046288706909146,0.518322406828688,6487
169.595900739936,5.13341855290023,7.67182182453804,0.111793586754776,7.45270639449867,7.8909372545774,0.0046288706909146,0.518322406828688,6487
173.001266351322,5.15329891442083,7.67423689328409,0.111793586754776,7.45512146324473,7.89335232332345,0.0046288706909146,0.518322406828688,6487
176.475009293153,5.17317927594142,7.67665196203014,0.111793586754776,7.45753653199078,7.8957673920695,0.0046288706909146,0.518322406828688,6487
180.018502533815,5.19305963746202,7.67906703077619,0.111793586754776,7.45995160073683,7.89818246081555,0.0046288706909146,0.518322406828688,6487
183.633146609922,5.21293999898261,7.68148209952225,0.111793586754776,7.46236666948288,7.90059752956161,0.0046288706909146,0.518322406828688,6487
187.320370179877,5.23282036050321,7.6838971682683,0.111793586754776,7.46478173822894,7.90301259830766,0.0046288706909146,0.518322406828688,6487
191.081630588527,5.2527007220238,7.68631223701435,0.111793586754776,7.46719680697499,7.90542766705371,0.0046288706909146,0.518322406828688,6487
194.918414443176,5.2725810835444,7.6887273057604,0.111793586754776,7.46961187572104,7.90784273579976,0.0046288706909146,0.518322406828688,6487
198.832238201148,5.29246144506499,7.69114237450646,0.111793586754776,7.4720269444671,7.91025780454582,0.0046288706909146,0.518322406828688,6487
202.824648769156,5.31234180658559,7.69355744325251,0.111793586754776,7.47444201321315,7.91267287329187,0.0046288706909146,0.518322406828688,6487
206.897224114706,5.33222216810618,7.69597251199856,0.111793586754776,7.4768570819592,7.91508794203792,0.0046288706909146,0.518322406828688,6487
211.051573889773,5.35210252962678,7.69838758074462,0.111793586754776,7.47927215070526,7.91750301078398,0.0046288706909146,0.518322406828688,6487
215.289340067006,5.37198289114737,7.70080264949067,0.111793586754776,7.48168721945131,7.91991807953003,0.0046288706909146,0.518322406828688,6487
219.6121975887,5.39186325266797,7.70321771823672,0.111793586754776,7.48410228819736,7.92233314827608,0.0046288706909146,0.518322406828688,6487
224.021855028806,5.41174361418856,7.70563278698278,0.111793586754776,7.48651735694342,7.92474821702214,0.0046288706909146,0.518322406828688,6487
228.520055268231,5.43162397570916,7.70804785572883,0.111793586754776,7.48893242568947,7.92716328576819,0.0046288706909146,0.518322406828688,6487
233.108576183696,5.45150433722975,7.71046292447488,0.111793586754776,7.49134749443552,7.92957835451424,0.0046288706909146,0.518322406828688,6487
237.789231350428,5.47138469875035,7.71287799322094,0.111793586754776,7.49376256318157,7.9319934232603,0.0046288706909146,0.518322406828688,6487
242.563870758961,5.49126506027094,7.71529306196699,0.111793586754776,7.49617763192762,7.93440849200635,0.0046288706909146,0.518322406828688,6487
247.434381546328,5.51114542179154,7.71770813071304,0.111793586754776,7.49859270067368,7.9368235607524,0.0046288706909146,0.518322406828688,6487
252.402688741938,5.53102578331213,7.72012319945909,0.111793586754776,7.50100776941973,7.93923862949845,0.0046288706909146,0.518322406828688,6487
257.470756028429,5.55090614483273,7.72253826820514,0.111793586754776,7.50342283816578,7.9416536982445,0.0046288706909146,0.518322406828688,6487
262.640586517794,5.57078650635333,7.7249533369512,0.111793586754776,7.50583790691183,7.94406876699056,0.0046288706909146,0.518322406828688,6487
267.914223543098,5.59066686787392,7.72736840569725,0.111793586754776,7.50825297565789,7.94648383573661,0.0046288706909146,0.518322406828688,6487
273.293751466085,5.61054722939452,7.7297834744433,0.111793586754776,7.51066804440394,7.94889890448266,0.0046288706909146,0.518322406828688,6487
278.78129650101,5.63042759091511,7.73219854318936,0.111793586754776,7.51308311314999,7.95131397322872,0.0046288706909146,0.518322406828688,6487
284.379027555004,5.65030795243571,7.73461361193541,0.111793586754776,7.51549818189605,7.95372904197477,0.0046288706909146,0.518322406828688,6487
290.089157085316,5.6701883139563,7.73702868068146,0.111793586754776,7.5179132506421,7.95614411072082,0.0046288706909146,0.518322406828688,6487
295.913941973773,5.6900686754769,7.73944374942752,0.111793586754776,7.52032831938816,7.95855917946688,0.0046288706909146,0.518322406828688,6487
301.855684418788,5.70994903699749,7.74185881817357,0.111793586754776,7.52274338813421,7.96097424821293,0.0046288706909146,0.518322406828688,6487
307.916732845289,5.72982939851809,7.74427388691962,0.111793586754776,7.52515845688026,7.96338931695898,0.0046288706909146,0.518322406828688,6487
314.099482832917,5.74970976003868,7.74668895566568,0.111793586754776,7.52757352562631,7.96580438570504,0.0046288706909146,0.518322406828688,6487
320.406378062852,5.76959012155928,7.74910402441173,0.111793586754776,7.52998859437237,7.96821945445109,0.0046288706909146,0.518322406828688,6487
326.839911283663,5.78947048307987,7.75151909315778,0.111793586754776,7.53240366311842,7.97063452319714,0.0046288706909146,0.518322406828688,6487
333.402625296547,5.80935084460047,7.75393416190383,0.111793586754776,7.53481873186447,7.97304959194319,0.0046288706909146,0.518322406828688,6487
340.097113960347,5.82923120612106,7.75634923064988,0.111793586754776,7.53723380061052,7.97546466068924,0.0046288706909146,0.518322406828688,6487
346.926023216756,5.84911156764166,7.75876429939593,0.111793586754776,7.53964886935657,7.9778797294353,0.0046288706909146,0.518322406828688,6487
353.892052136103,5.86899192916225,7.76117936814199,0.111793586754776,7.54206393810263,7.98029479818135,0.0046288706909146,0.518322406828688,6487
360.997953984137,5.88887229068285,7.76359443688804,0.111793586754776,7.54447900684868,7.9827098669274,0.0046288706909146,0.518322406828688,6487
368.246537310235,5.90875265220344,7.7660095056341,0.111793586754776,7.54689407559474,7.98512493567346,0.0046288706909146,0.518322406828688,6487
375.640667057457,5.92863301372404,7.76842457438014,0.111793586754776,7.54930914434078,7.98754000441951,0.0046288706909146,0.518322406828688,6487
383.18326569489,5.94851337524463,7.7708396431262,0.111793586754776,7.55172421308684,7.98995507316556,0.0046288706909146,0.518322406828688,6487
390.877314372733,5.96839373676523,7.77325471187226,0.111793586754776,7.5541392818329,7.99237014191162,0.0046288706909146,0.518322406828688,6487
398.72585410057,5.98827409828583,7.77566978061831,0.111793586754776,7.55655435057895,7.99478521065767,0.0046288706909146,0.518322406828688,6487
406.731986949302,6.00815445980642,7.77808484936437,0.111793586754776,7.558969419325,7.99720027940373,0.0046288706909146,0.518322406828688,6487
414.898877277221,6.02803482132702,7.78049991811042,0.111793586754776,7.56138448807106,7.99961534814978,0.0046288706909146,0.518322406828688,6487
423.22975298069,6.04791518284761,7.78291498685647,0.111793586754776,7.56379955681711,8.00203041689583,0.0046288706909146,0.518322406828688,6487
431.727906769947,6.06779554436821,7.78533005560252,0.111793586754776,7.56621462556316,8.00444548564188,0.0046288706909146,0.518322406828688,6487
440.396697470521,6.0876759058888,7.78774512434858,0.111793586754776,7.56862969430921,8.00686055438794,0.0046288706909146,0.518322406828688,6487
449.239551350778,6.1075562674094,7.79016019309462,0.111793586754776,7.57104476305526,8.00927562313399,0.0046288706909146,0.518322406828688,6487
458.259963476127,6.12743662892999,7.79257526184068,0.111793586754776,7.57345983180132,8.01169069188004,0.0046288706909146,0.518322406828688,6487
467.461499090419,6.14731699045059,7.79499033058673,0.111793586754776,7.57587490054737,8.01410576062609,0.0046288706909146,0.518322406828688,6487
476.847795025073,6.16719735197118,7.79740539933278,0.111793586754776,7.57828996929342,8.01652082937214,0.0046288706909146,0.518322406828688,6487
486.42256113651,6.18707771349178,7.79982046807884,0.111793586754776,7.58070503803948,8.0189358981182,0.0046288706909146,0.518322406828688,6487
496.189581772441,6.20695807501237,7.80223553682488,0.111793586754776,7.58312010678552,8.02135096686424,0.0046288706909146,0.518322406828688,6487
506.1527172676,6.22683843653297,7.80465060557094,0.111793586754776,7.58553517553158,8.0237660356103,0.0046288706909146,0.518322406828688,6487
516.31590546951,6.24671879805356,7.807065674317,0.111793586754776,7.58795024427764,8.02618110435636,0.0046288706909146,0.518322406828688,6487
526.683163294882,6.26659915957416,7.80948074306305,0.111793586754776,7.59036531302369,8.02859617310241,0.0046288706909146,0.518322406828688,6487
537.258588317273,6.28647952109475,7.8118958118091,0.111793586754776,7.59278038176974,8.03101124184846,0.0046288706909146,0.518322406828688,6487
548.046360386615,6.30635988261535,7.81431088055516,0.111793586754776,7.5951954505158,8.03342631059452,0.0046288706909146,0.518322406828688,6487
559.050743281266,6.32624024413594,7.81672594930121,0.111793586754776,7.59761051926185,8.03584137934057,0.0046288706909146,0.518322406828688,6487
570.276086393237,6.34612060565654,7.81914101804726,0.111793586754776,7.6000255880079,8.03825644808662,0.0046288706909146,0.518322406828688,6487
581.726826447249,6.36600096717714,7.82155608679331,0.111793586754776,7.60244065675395,8.04067151683267,0.0046288706909146,0.518322406828688,6487
593.407489254315,6.38588132869773,7.82397115553936,0.111793586754776,7.6048557255,8.04308658557873,0.0046288706909146,0.518322406828688,6487
605.322691500529,6.40576169021833,7.82638622428542,0.111793586754776,7.60727079424606,8.04550165432478,0.0046288706909146,0.518322406828688,6487
617.477142571773,6.42564205173892,7.82880129303147,0.111793586754776,7.60968586299211,8.04791672307083,0.0046288706909146,0.518322406828688,6487
629.875646415064,6.44552241325952,7.83121636177752,0.111793586754776,7.61210093173816,8.05033179181689,0.0046288706909146,0.518322406828688,6487
642.523103437272,6.46540277478011,7.83363143052357,0.111793586754776,7.61451600048421,8.05274686056294,0.0046288706909146,0.518322406828688,6487
655.42451244197,6.48528313630071,7.83604649926963,0.111793586754776,7.61693106923027,8.05516192930899,0.0046288706909146,0.518322406828688,6487
668.584972605164,6.5051634978213,7.83846156801569,0.111793586754776,7.61934613797633,8.05757699805505,0.0046288706909146,0.518322406828688,6487
682.009685490707,6.5250438593419,7.84087663676174,0.111793586754776,7.62176120672238,8.0599920668011,0.0046288706909146,0.518322406828688,6487
695.70395710617,6.54492422086249,7.84329170550779,0.111793586754776,7.62417627546843,8.06240713554715,0.0046288706909146,0.518322406828688,6487
709.6732,6.56480458238309,7.84570677425384,0.111793586754776,7.62659134421448,8.0648222042932,0.0046288706909146,0.518322406828688,6487
